method,interval_method,n,a,bias,sd,ci_coverage,ci_length,mc_replications,bootstrap_draws_per_replication
didsc_multiplier,symmetric_multiplier_bootstrap,2000,-2.0,0.0054861941285628,0.0417595910697868,0.964,0.1748863611322386,500,500
didsc_multiplier,symmetric_multiplier_bootstrap,2000,-1.5,0.0048701656131356,0.0404186258049342,0.962,0.1669545139356845,500,500
didsc_multiplier,symmetric_multiplier_bootstrap,2000,-1.0,0.0042541370977084,0.0395245771681418,0.962,0.1614081658664844,500,500
didsc_multiplier,symmetric_multiplier_bootstrap,2000,-0.5,0.0036381085822812,0.0391081080007602,0.952,0.1582459399338875,500,500
didsc_multiplier,symmetric_multiplier_bootstrap,2000,0.0,0.003022080066854,0.0391844490224819,0.95,0.1576683489973359,500,500
didsc_multiplier,symmetric_multiplier_bootstrap,2000,0.5,0.0024060515514268,0.0397507610205071,0.95,0.1594568647546199,500,500
didsc_multiplier,symmetric_multiplier_bootstrap,2000,1.0,0.0017900230359996,0.0407866397358385,0.956,0.1639592534202484,500,500
didsc_multiplier,symmetric_multiplier_bootstrap,2000,1.5,0.0011739945205724,0.0422575671671988,0.956,0.1705608533473968,500,500
didsc_multiplier,symmetric_multiplier_bootstrap,2000,2.0,0.0005579660051452,0.0441200522161656,0.958,0.1797189600555114,500,500
didsc_multiplier,symmetric_multiplier_bootstrap,4000,-2.0,-0.0003506198876649,0.0285083071084283,0.954,0.1139236783199833,500,500
didsc_multiplier,symmetric_multiplier_bootstrap,4000,-1.5,-0.000567274104423,0.0280425356831533,0.952,0.1118497985973352,500,500
didsc_multiplier,symmetric_multiplier_bootstrap,4000,-1.0,-0.0007839283211812,0.0277602412883693,0.95,0.1104554101858476,500,500
didsc_multiplier,symmetric_multiplier_bootstrap,4000,-0.5,-0.0010005825379394,0.027667040693416,0.952,0.1098514054687956,500,500
didsc_multiplier,symmetric_multiplier_bootstrap,4000,0.0,-0.0012172367546975,0.0277648382053432,0.952,0.1098718378213239,500,500
didsc_multiplier,symmetric_multiplier_bootstrap,4000,0.5,-0.0014338909714557,0.0280516362428597,0.948,0.1106297811036122,500,500
didsc_multiplier,symmetric_multiplier_bootstrap,4000,1.0,-0.0016505451882138,0.0285217339362398,0.952,0.112197571795847,500,500
didsc_multiplier,symmetric_multiplier_bootstrap,4000,1.5,-0.001867199404972,0.0291662694401029,0.952,0.1144082369647481,500,500
didsc_multiplier,symmetric_multiplier_bootstrap,4000,2.0,-0.0020838536217302,0.0299739919742232,0.956,0.1171879616305884,500,500
drdid_analytic,santanna_zhao_analytic_normal,2000,-2.0,-0.0724553690372389,0.0407950160565425,0.572,0.1605012939448433,500,0
drdid_analytic,santanna_zhao_analytic_normal,2000,-1.5,-0.0536244742193338,0.0397605741833887,0.73,0.1562362321858649,500,0
drdid_analytic,santanna_zhao_analytic_normal,2000,-1.0,-0.0347935794014288,0.0389223016463372,0.862,0.1527620465788058,500,0
drdid_analytic,santanna_zhao_analytic_normal,2000,-0.5,-0.0159626845835237,0.0382930836212059,0.93,0.1501337898231315,500,0
drdid_analytic,santanna_zhao_analytic_normal,2000,0.0,0.0028682102343813,0.0378833383258311,0.948,0.1483965347408595,500,0
drdid_analytic,santanna_zhao_analytic_normal,2000,0.5,0.0216991050522863,0.0377002224650546,0.904,0.1475818292674538,500,0
drdid_analytic,santanna_zhao_analytic_normal,2000,1.0,0.0405299998701914,0.0377470344111473,0.814,0.1477049637599238,500,0
drdid_analytic,santanna_zhao_analytic_normal,2000,1.5,0.0593608946880964,0.0380229249463343,0.654,0.1487635720472384,500,0
drdid_analytic,santanna_zhao_analytic_normal,2000,2.0,0.0781917895060015,0.0385229725985588,0.46,0.1507378541662882,500,0
drdid_analytic,santanna_zhao_analytic_normal,4000,-2.0,-0.0541634430335407,0.0286559065420221,0.506,0.1101095086126784,500,0
drdid_analytic,santanna_zhao_analytic_normal,4000,-1.5,-0.0409605133761162,0.0281335285160859,0.666,0.1084043971275043,500,0
drdid_analytic,santanna_zhao_analytic_normal,4000,-1.0,-0.0277575837186916,0.027693664216485,0.836,0.1069898067012779,500,0
drdid_analytic,santanna_zhao_analytic_normal,4000,-0.5,-0.0145546540612671,0.0273402964990344,0.918,0.1058773991250215,500,0
drdid_analytic,santanna_zhao_analytic_normal,4000,0.0,-0.0013517244038425,0.0270768120635442,0.958,0.1050767856793059,500,0
drdid_analytic,santanna_zhao_analytic_normal,4000,0.5,0.0118512052535819,0.0269058516747484,0.926,0.104595135766153,500,0
drdid_analytic,santanna_zhao_analytic_normal,4000,1.0,0.0250541349110065,0.0268291841305754,0.822,0.1044368667398551,500,0
drdid_analytic,santanna_zhao_analytic_normal,4000,1.5,0.038257064568431,0.0268476172468018,0.698,0.1046034450109833,500,0
drdid_analytic,santanna_zhao_analytic_normal,4000,2.0,0.0514599942258556,0.0269609559641142,0.51,0.1050933188263905,500,0
