n,kappa,analytic_ci_coverage,analytic_ci_length,analytic_se_over_sd,bootstrap_se_over_sd,valid_intervals,failed_intervals,mc_replications
2000,1.0,0.9391480730223124,0.1739451564847079,0.957308115032768,1.1374691954874985,493,7,500
2000,2.0,0.9371196754563894,0.1742232980720849,0.9584371900369404,1.1379878235255674,493,7,500
2000,4.0,0.9371196754563894,0.1764680442398502,0.9611312097669398,1.137285674861705,493,7,500
2000,10.0,0.9310344827586208,0.195639760544642,0.9751954395178372,1.120058181742794,493,7,500
2000,20.0,0.9533468559837728,0.3351594433881751,1.3308061285797623,1.080229898797888,493,7,500
2000,40.0,0.9918864097363084,0.6881592190239328,1.853120275299725,1.0608948841213492,493,7,500
2000,80.0,1.0,5.72250273846201,10.986477023915876,1.0491416368688642,493,7,500
2000,160.0,1.0,4.223212994745083,6.697783233520019,1.0523931156775397,493,7,500
4000,1.0,0.93,0.1221729648309389,0.9297248218854356,1.0542533193741486,500,0,500
4000,2.0,0.934,0.1223695489302365,0.9277153847508626,1.0502301997162091,500,0,500
4000,4.0,0.934,0.1239098416897933,0.9257616430891196,1.0434507298498183,500,0,500
4000,10.0,0.936,0.1367802870331552,0.9339308768217338,1.0282749829571114,500,0,500
4000,20.0,0.94,0.1801470840507854,0.9876239390847374,1.003109317390514,500,0,500
4000,40.0,0.984,0.3763261009480724,1.4086250354679928,0.9919478149244072,500,0,500
4000,80.0,1.0,1.2000027815697554,3.0322910265683003,0.9673863653577892,500,0,500
4000,160.0,1.0,4.123636275709849,7.121412722333561,0.94779022372377,500,0,500
