donor_set,donor_states,donors,selection_rule,educ,nchild,n,estimate,bootstrap_se,ci_low,ci_high,ci_length,n_boot_requested,n_boot_valid
best_conditioned4,24|26|49|51,"Maryland, Michigan, Utah, Virginia",minimum direct pre-treatment kappa(M) p95 among all 15 four-state subsets,0,0,5476,-1.1778944656437755,0.8207540640155685,-2.779338016710494,0.4235490854229429,3.202887102133437,500,500
cdf_top4,26|39|24|51,"Michigan, Ohio, Maryland, Virginia",four largest Gunsilius mixture-CDF weights,0,0,7059,-0.7496936016342518,0.8440091631025736,-2.456467147343358,0.9570799440748542,3.413547091418212,500,500
quantile_top3,51|33|24,"Virginia, New Hampshire, Maryland",three largest Gunsilius quantile-curve weights,0,0,3254,-1.0491178126760727,0.818037475528046,-2.6213775823180328,0.5231419569658875,3.1445195392839205,500,500
best_conditioned4,24|26|49|51,"Maryland, Michigan, Utah, Virginia",minimum direct pre-treatment kappa(M) p95 among all 15 four-state subsets,0,1,1884,1.4447154854421558,1.0979916828392915,-0.7544334393485457,3.6438644102328572,4.398297849581403,500,500
cdf_top4,26|39|24|51,"Michigan, Ohio, Maryland, Virginia",four largest Gunsilius mixture-CDF weights,0,1,2443,0.593064985574224,1.074896385900846,-1.629506284056835,2.815636255205283,4.445142539262118,500,500
quantile_top3,51|33|24,"Virginia, New Hampshire, Maryland",three largest Gunsilius quantile-curve weights,0,1,1195,1.170177860747288,1.115422853573167,-1.0931064652148486,3.4334621867094244,4.526568651924273,500,500
best_conditioned4,24|26|49|51,"Maryland, Michigan, Utah, Virginia",minimum direct pre-treatment kappa(M) p95 among all 15 four-state subsets,0,2,2424,0.0877264288170853,0.8139652725742229,-1.5356572268308313,1.711110084465002,3.2467673112958333,500,500
cdf_top4,26|39|24|51,"Michigan, Ohio, Maryland, Virginia",four largest Gunsilius mixture-CDF weights,0,2,3025,0.1166738294148811,0.7651204939759156,-1.3882004519682225,1.621548110797985,3.0097485627662075,500,500
quantile_top3,51|33|24,"Virginia, New Hampshire, Maryland",three largest Gunsilius quantile-curve weights,0,2,1482,0.337182751648734,0.756109172765874,-1.1962905513200495,1.8706560546175175,3.066946605937567,500,500
best_conditioned4,24|26|49|51,"Maryland, Michigan, Utah, Virginia",minimum direct pre-treatment kappa(M) p95 among all 15 four-state subsets,1,0,5230,0.1345746115684202,0.939907350473281,-1.7444138287816875,2.013563051918528,3.7579768807002156,500,500
cdf_top4,26|39|24|51,"Michigan, Ohio, Maryland, Virginia",four largest Gunsilius mixture-CDF weights,1,0,6649,0.6227352434538372,0.9442008721854751,-1.2801326165572826,2.5256031034649573,3.80573572002224,500,500
quantile_top3,51|33|24,"Virginia, New Hampshire, Maryland",three largest Gunsilius quantile-curve weights,1,0,3587,0.3132258430873345,0.9482011916735609,-1.4665656056160121,2.093017291790681,3.559582897406693,500,500
best_conditioned4,24|26|49|51,"Maryland, Michigan, Utah, Virginia",minimum direct pre-treatment kappa(M) p95 among all 15 four-state subsets,1,1,1970,0.3616107061889537,1.1928195206017171,-1.9854653391723676,2.708686751550275,4.694152090722643,500,500
cdf_top4,26|39|24|51,"Michigan, Ohio, Maryland, Virginia",four largest Gunsilius mixture-CDF weights,1,1,2477,0.7952613648121394,1.2176977407303162,-1.6313672532077537,3.2218899828320327,4.853257236039786,500,500
quantile_top3,51|33|24,"Virginia, New Hampshire, Maryland",three largest Gunsilius quantile-curve weights,1,1,1435,1.079592474350041,1.325648243436923,-1.6879845545258034,3.847169503225885,5.535154057751688,500,500
best_conditioned4,24|26|49|51,"Maryland, Michigan, Utah, Virginia",minimum direct pre-treatment kappa(M) p95 among all 15 four-state subsets,1,2,2483,0.5583923533082852,0.8656193702886547,-1.174138092084108,2.2909227987006786,3.4650608907847866,500,500
cdf_top4,26|39|24|51,"Michigan, Ohio, Maryland, Virginia",four largest Gunsilius mixture-CDF weights,1,2,3059,0.823098835643669,0.8841776687890339,-0.9382056984155409,2.584403369702879,3.52260906811842,500,500
quantile_top3,51|33|24,"Virginia, New Hampshire, Maryland",three largest Gunsilius quantile-curve weights,1,2,1702,-0.0268488837090336,0.9101948645417519,-1.7224217182665509,1.6687239508484835,3.3911456691150343,500,500
best_conditioned4,24|26|49|51,"Maryland, Michigan, Utah, Virginia",minimum direct pre-treatment kappa(M) p95 among all 15 four-state subsets,2,0,2953,0.0814669274457702,1.9815960828036743,-3.9507720543645513,4.113705909256092,8.064477963620643,500,500
cdf_top4,26|39|24|51,"Michigan, Ohio, Maryland, Virginia",four largest Gunsilius mixture-CDF weights,2,0,3446,0.5686335992035955,2.053528316953289,-3.266832115224491,4.404099313631682,7.670931428856173,500,500
quantile_top3,51|33|24,"Virginia, New Hampshire, Maryland",three largest Gunsilius quantile-curve weights,2,0,2131,0.0934437194375489,2.01774623329554,-3.825251411123306,4.012138849998403,7.837390261121709,500,500
best_conditioned4,24|26|49|51,"Maryland, Michigan, Utah, Virginia",minimum direct pre-treatment kappa(M) p95 among all 15 four-state subsets,2,1,2395,1.1703624811000248,1.9102831746886895,-2.900774702435567,5.241499664635616,8.142274367071183,500,500
cdf_top4,26|39|24|51,"Michigan, Ohio, Maryland, Virginia",four largest Gunsilius mixture-CDF weights,2,1,2742,1.1992502756842047,1.8711768668718671,-2.874712457367939,5.273213008736348,8.147925466104287,500,500
quantile_top3,51|33|24,"Virginia, New Hampshire, Maryland",three largest Gunsilius quantile-curve weights,2,1,1649,-0.4529908005102698,1.8504006610045889,-4.0618862107011715,3.1559046096806314,7.217790820381802,500,500
best_conditioned4,24|26|49|51,"Maryland, Michigan, Utah, Virginia",minimum direct pre-treatment kappa(M) p95 among all 15 four-state subsets,2,2,4046,-1.8740376074733944,1.07806991566948,-4.117214493523388,0.36913927857659923,4.486353772099987,500,500
cdf_top4,26|39|24|51,"Michigan, Ohio, Maryland, Virginia",four largest Gunsilius mixture-CDF weights,2,2,4698,-1.081857047060816,1.1099652051571436,-3.285303329133168,1.1215892350115362,4.406892564144704,500,500
quantile_top3,51|33|24,"Virginia, New Hampshire, Maryland",three largest Gunsilius quantile-curve weights,2,2,2720,-0.4866412648833255,1.1249760040123284,-2.86320836544821,1.889925835681559,4.753134201129769,500,500
