n,kappa,bias,sd,ci_coverage,ci_length,mean_within_root_sd_over_empirical_sd,mc_replications,bootstrap_draws_per_replication
2000,1.0,0.0053882208515633,0.0474526562675725,0.962,0.2113441842309533,1.1374691954874985,500,500
2000,2.0,0.0054460510204086,0.0474744383854295,0.964,0.21159248502014258,1.1379878235255674,500,500
2000,4.0,0.005641398583312,0.0479509545981358,0.976,0.21401370059877212,1.137285674861705,500,500
2000,10.0,0.0074175597125282,0.052164988628138,0.972,0.23029989069113385,1.120058181742794,500,500
2000,20.0,0.0151776504078788,0.0632741879179833,0.97,0.2766226480386825,1.080229898797888,500,500
2000,40.0,0.0414838905240411,0.0813987152454012,0.958,0.3705917121616168,1.0608948841213492,500,500
2000,80.0,0.0865800365178868,0.0948120524532343,0.902,0.4357949379810891,1.0491416368688642,500,500
2000,160.0,0.1147953014520333,0.0989740438242668,0.872,0.45568572908617816,1.0523931156775397,500,500
4000,1.0,0.0040136740980934,0.0334301369015831,0.954,0.1379431908520783,1.0542533193741486,500,500
4000,2.0,0.0040399731197554,0.0335775918090347,0.956,0.13787828362513024,1.0502301997162091,500,500
4000,4.0,0.0041062352468998,0.0341091671197081,0.958,0.13923790967610958,1.0434507298498183,500,500
4000,10.0,0.0048087230763405,0.037358402159167,0.958,0.15051252811422666,1.0282749829571114,500,500
4000,20.0,0.0092126520068794,0.0460077142280448,0.966,0.18427203653268837,1.003109317390514,500,500
4000,40.0,0.028847076892766,0.0630471096609636,0.942,0.26671155150269193,0.9919478149244072,500,500
4000,80.0,0.0728093094087607,0.0817450135372254,0.884,0.34909973533112065,0.9673863653577892,500,500
4000,160.0,0.1107295081136324,0.090854268967596,0.804,0.38496114084812616,0.94779022372377,500,500
