parent_dgp,local_family,n,a,bias,sd,ci_coverage,ci_length,mc_replications,bootstrap_draws_per_replication
DGP1_SC_only,pt_fail_sc_local,2000,-2.0,-0.1057033129664003,0.0536509628086468,0.602,0.2427736942388635,500,500
DGP1_SC_only,pt_fail_sc_local,2000,-1.5,-0.0773656697813086,0.0536582687272291,0.788,0.2428546920634059,500,500
DGP1_SC_only,pt_fail_sc_local,2000,-1.0,-0.0490280265962169,0.0536662045672938,0.918,0.2429398083549856,500,500
DGP1_SC_only,pt_fail_sc_local,2000,-0.5,-0.0206903834111252,0.0536747700494384,0.962,0.2430180361162691,500,500
DGP1_SC_only,pt_fail_sc_local,2000,0.0,0.0076472597739664,0.0536839648722775,0.972,0.2430968113063594,500,500
DGP1_SC_only,pt_fail_sc_local,2000,0.5,0.0359849029590581,0.0536937887124955,0.944,0.2431656276702508,500,500
DGP1_SC_only,pt_fail_sc_local,2000,1.0,0.0643225461441498,0.0537042412249039,0.858,0.243227791440106,500,500
DGP1_SC_only,pt_fail_sc_local,2000,1.5,0.0926601893292415,0.053715322042501,0.724,0.2432966751588985,500,500
DGP1_SC_only,pt_fail_sc_local,2000,2.0,0.1209978325143332,0.0537270307765363,0.504,0.2433560573723782,500,500
DGP1_SC_only,pt_fail_sc_local,4000,-2.0,-0.0729956216876139,0.038149214212402,0.57,0.1596749974609264,500,500
DGP1_SC_only,pt_fail_sc_local,4000,-1.5,-0.0529653126489603,0.0381538332515486,0.746,0.1597108339119267,500,500
DGP1_SC_only,pt_fail_sc_local,4000,-1.0,-0.0329350036103067,0.038158706174392,0.9,0.1597469605442551,500,500
DGP1_SC_only,pt_fail_sc_local,4000,-0.5,-0.0129046945716531,0.0381638328836812,0.952,0.1597819695621301,500,500
DGP1_SC_only,pt_fail_sc_local,4000,0.0,0.0071256144670004,0.0381692132771542,0.95,0.1598235713152488,500,500
DGP1_SC_only,pt_fail_sc_local,4000,0.5,0.0271559235056541,0.0381748472475475,0.906,0.1598636852963462,500,500
DGP1_SC_only,pt_fail_sc_local,4000,1.0,0.0471862325443077,0.0381807346826073,0.814,0.1599034596515296,500,500
DGP1_SC_only,pt_fail_sc_local,4000,1.5,0.0672165415829613,0.0381868754651004,0.648,0.1599453400395375,500,500
DGP1_SC_only,pt_fail_sc_local,4000,2.0,0.0872468506216149,0.0381932694728258,0.43,0.1599838886989979,500,500
DGP2_PT_only,sc_fail_pt_local,2000,-2.0,-0.0762220685057516,0.0394688471146063,0.496,0.1578992398574338,500,500
DGP2_PT_only,sc_fail_pt_local,2000,-1.5,-0.0566627202124541,0.0394948851586819,0.698,0.1580052028135427,500,500
DGP2_PT_only,sc_fail_pt_local,2000,-1.0,-0.0371033719191565,0.0395213141999628,0.85,0.15811531187429,500,500
DGP2_PT_only,sc_fail_pt_local,2000,-0.5,-0.017544023625859,0.0395481334545677,0.94,0.1582259976119547,500,500
DGP2_PT_only,sc_fail_pt_local,2000,0.0,0.0020153246674385,0.0395753421291821,0.958,0.1583345039260114,500,500
DGP2_PT_only,sc_fail_pt_local,2000,0.5,0.0215746729607361,0.0396029394211685,0.924,0.1584315477921365,500,500
DGP2_PT_only,sc_fail_pt_local,2000,1.0,0.0411340212540336,0.039630924518677,0.814,0.1585248837153167,500,500
DGP2_PT_only,sc_fail_pt_local,2000,1.5,0.0606933695473312,0.039659296600757,0.694,0.1586354075729755,500,500
DGP2_PT_only,sc_fail_pt_local,2000,2.0,0.0802527178406288,0.0396880548374691,0.5,0.158752890712111,500,500
DGP2_PT_only,sc_fail_pt_local,4000,-2.0,-0.0541616413426325,0.0286208917654008,0.514,0.1093484567399971,500,500
DGP2_PT_only,sc_fail_pt_local,4000,-1.5,-0.0403362223284102,0.0286325560962954,0.694,0.1094009835584561,500,500
DGP2_PT_only,sc_fail_pt_local,4000,-1.0,-0.026510803314188,0.0286443771598415,0.828,0.1094555485874745,500,500
DGP2_PT_only,sc_fail_pt_local,4000,-0.5,-0.0126853842999657,0.028656354762077,0.922,0.1095126737102423,500,500
DGP2_PT_only,sc_fail_pt_local,4000,0.0,0.0011400347142564,0.0286684887067981,0.946,0.1095716911198863,500,500
DGP2_PT_only,sc_fail_pt_local,4000,0.5,0.0149654537284787,0.0286807787955736,0.904,0.1096293245682091,500,500
DGP2_PT_only,sc_fail_pt_local,4000,1.0,0.0287908727427009,0.0286932248277615,0.818,0.1096866358586704,500,500
DGP2_PT_only,sc_fail_pt_local,4000,1.5,0.0426162917569232,0.0287058266005238,0.674,0.1097473769792096,500,500
DGP2_PT_only,sc_fail_pt_local,4000,2.0,0.0564417107711454,0.0287185839088425,0.478,0.1098107194485622,500,500
