dgp,n,c,bias,sd,ci_coverage,ci_length,mc_replications,bootstrap_draws_per_replication
pt_only,2000,1.0,0.0030211681196589,0.0399266122091512,0.952,0.1654379676523946,500,500
pt_only,2000,1.5,0.0030726627879215,0.0396567793788639,0.95,0.1608018807783207,500,500
pt_only,2000,2.0,0.0030332351823396,0.0394191969964951,0.952,0.1587011214992665,500,500
pt_only,2000,2.5,0.0030714110571708,0.0392705974227684,0.952,0.1575356934411504,500,500
pt_only,2000,3.0,0.0030815642569693,0.0391700421686361,0.952,0.1568868096104835,500,500
pt_only,2000,3.5,0.0031305900682364,0.0390913887760026,0.952,0.1565173183149504,500,500
pt_only,4000,1.0,-0.0012877965551216,0.0279171575408178,0.958,0.1126912019296835,500,500
pt_only,4000,1.5,-0.00132496481855,0.0277790266039286,0.954,0.1110951090615477,500,500
pt_only,4000,2.0,-0.0012745963187416,0.027731088510967,0.954,0.1102739602167264,500,500
pt_only,4000,2.5,-0.0012194776072882,0.0277156138385269,0.952,0.1097932193211094,500,500
pt_only,4000,3.0,-0.0011637998799865,0.0277101132990632,0.948,0.10947327322585,500,500
pt_only,4000,3.5,-0.0011524971408234,0.0276933864435366,0.95,0.1092685855957943,500,500
pt_sc_both,2000,1.0,0.0030193033150326,0.039980162738729,0.952,0.165400578537959,500,500
pt_sc_both,2000,1.5,0.0030036031804767,0.0396556921489076,0.95,0.1607948713057128,500,500
pt_sc_both,2000,2.0,0.0029693638184598,0.0393958028224142,0.952,0.1586711521225095,500,500
pt_sc_both,2000,2.5,0.0030269192725543,0.0392614297150544,0.952,0.157568832559658,500,500
pt_sc_both,2000,3.0,0.0030567110148763,0.0391802687352621,0.95,0.1569904282302075,500,500
pt_sc_both,2000,3.5,0.0031082898956733,0.0391184109378027,0.952,0.1565957119869429,500,500
pt_sc_both,4000,1.0,-0.0012631307497236,0.0279470366822913,0.958,0.1126508964370765,500,500
pt_sc_both,4000,1.5,-0.0013002172829217,0.0278203619853196,0.954,0.1111095075238488,500,500
pt_sc_both,4000,2.0,-0.0012581417098127,0.0277657269080797,0.952,0.1102393710944716,500,500
pt_sc_both,4000,2.5,-0.0012062730400138,0.0277475330822945,0.95,0.1097178782318091,500,500
pt_sc_both,4000,3.0,-0.0011489342764304,0.027731844383561,0.95,0.1094741324236032,500,500
pt_sc_both,4000,3.5,-0.0011302969027799,0.0277070884411002,0.95,0.109229418955297,500,500
sc_only,2000,1.0,0.0183725576203115,0.0559420692460769,0.988,0.2850482298638392,500,500
sc_only,2000,1.5,0.0135166209975075,0.0545649104246596,0.98,0.2591725176813126,500,500
sc_only,2000,2.0,0.011385889653984,0.0542246943265906,0.978,0.2483141001029676,500,500
sc_only,2000,2.5,0.0106917101489784,0.0541100556040921,0.972,0.2427588758897964,500,500
sc_only,2000,3.0,0.0103530671331271,0.0542510324290279,0.972,0.2396713419800887,500,500
sc_only,2000,3.5,0.0102616829261666,0.0544656102865378,0.97,0.238245157643604,500,500
sc_only,4000,1.0,0.0056925845224076,0.040580232918805,0.97,0.1738359285954192,500,500
sc_only,4000,1.5,0.0031897336619761,0.0398987148580224,0.966,0.1642595675040701,500,500
sc_only,4000,2.0,0.0024680318380244,0.0395284379387609,0.958,0.1604523449334337,500,500
sc_only,4000,2.5,0.0021467352526956,0.0392432834135077,0.964,0.1588497257052706,500,500
sc_only,4000,3.0,0.0019661492308698,0.039115543429114,0.954,0.1579823555611169,500,500
sc_only,4000,3.5,0.0017699943854361,0.0391159203967544,0.956,0.1574730975367933,500,500
