educ,nchild,n,bandwidth_c,estimate,bootstrap_se,ci_low,ci_high,ci_length,n_boot_requested,n_boot_valid
0,0,4097,1.0,-0.7357919027664543,0.9544093773833258,-2.5839320348786092,1.1123482293457008,3.6962802642243098,500,500
0,0,4097,1.5,-0.5994687397442571,0.8515439144335017,-2.2723757935493003,1.073438314060786,3.345814107610086,500,500
0,0,4097,2.0,-0.5450923226287866,0.8180417770769378,-2.3329175758908782,1.2427329306333048,3.575650506524183,500,500
0,0,4097,3.0,-0.5660184359808534,0.7724921424101792,-2.1796796902947793,1.0476428183330722,3.2273225086278514,500,500
0,0,4097,3.5,-0.5188249616542269,0.7738018100766512,-2.196126866737495,1.1584769434290414,3.3546038101665365,500,500
0,1,1459,1.0,1.1422548020464174,4.417173693751737,-3.8843655594504503,6.168875163543285,10.053240722993737,500,500
0,1,1459,1.5,0.5878147609825801,6.352783548212675,-5.816512435880006,6.992141957845166,12.808654393725172,500,500
0,1,1459,2.0,1.1506671937371862,1.202573902813306,-1.228172821017905,3.5295072084922774,4.757680029510182,500,500
0,1,1459,3.0,1.0432377901604624,1.2126684845647449,-1.410009373980123,3.4964849543010477,4.906494328281171,500,500
0,1,1459,3.5,1.0675554565356171,1.194896389355965,-1.415999603287246,3.55111051635848,4.967110119645726,500,500
0,2,1866,1.0,-0.1143741970729128,0.7878037498017104,-1.706612384888052,1.4778639907422262,3.184476375630278,500,500
0,2,1866,1.5,-0.0873245471991669,0.7799552560624777,-1.6978987846580629,1.5232496902597292,3.221148474917792,500,500
0,2,1866,2.0,-0.0747580320237619,0.7697820215705532,-1.6006121539830902,1.4510960899355665,3.0517082439186565,500,500
0,2,1866,3.0,-0.0104809117376082,0.7622592651389228,-1.5172438998112243,1.496282076336008,3.0135259761472324,500,500
0,2,1866,3.5,-0.1368579687420654,0.7633819763816421,-1.5958052148628232,1.3220892773786923,2.9178944922415155,500,500
1,0,4207,1.0,0.6812919846000962,1.061519371624822,-1.4996984136671685,2.8622823828673605,4.361980796534529,500,500
1,0,4207,1.5,0.5884494363614154,1.0092063046623287,-1.4493588820404402,2.6262577547632713,4.075616636803711,500,500
1,0,4207,2.0,0.2994017189655383,0.9615277527389182,-1.5889314353917112,2.1877348733227877,3.776666308714499,500,500
1,0,4207,3.0,0.1952249253854902,0.9181396877453442,-1.4909137744039251,1.8813636251749055,3.372277399578831,500,500
1,0,4207,3.5,0.0121171027912471,0.8851966040833916,-1.7264613874526429,1.750695593035137,3.47715698048778,500,500
1,1,1678,1.0,0.9471114112959746,1.467147682962676,-1.7976285819043984,3.691851404496348,5.489479986400746,500,500
1,1,1678,1.5,1.0771504277018251,1.4013002143761275,-1.8035859417769535,3.957886797180604,5.761472738957558,500,500
1,1,1678,2.0,0.6453420969798931,1.40139596823102,-2.0999457295933173,3.390629923553104,5.490575653146421,500,500
1,1,1678,3.0,0.1890171035172669,1.3119158409666936,-2.542657905709724,2.9206921127442578,5.463350018453982,500,500
1,1,1678,3.5,0.0504567003042085,1.321473376955724,-2.7939073881563874,2.8948207887648043,5.688728176921192,500,500
1,2,2055,1.0,-0.1800596205431586,0.903706644617764,-2.0021045404467106,1.6419852993603932,3.644089839807104,500,500
1,2,2055,1.5,-0.2763390838191114,0.8812422056877834,-2.05183257882788,1.4991544111896569,3.550986990017537,500,500
1,2,2055,2.0,-0.2526919325311405,0.886547298111243,-1.9640762192717935,1.4586923542095125,3.422768573481306,500,500
1,2,2055,3.0,0.1493323842046355,0.875852149935532,-1.5922639474722682,1.890928715881539,3.4831926633538073,500,500
1,2,2055,3.5,0.1454950393225965,0.8715484297534407,-1.6002395444926774,1.891229623137871,3.491469167630548,500,500
2,0,2567,1.0,-0.502524544530971,2.3806588791837147,-5.095627290423005,4.090578201361064,9.186205491784069,500,500
2,0,2567,1.5,0.0219383806936918,2.166605828313304,-4.412748938653923,4.456625700041307,8.86937463869523,500,500
2,0,2567,2.0,0.4615927455354613,2.118768052742048,-3.887811179366561,4.810996670437484,8.698807849804044,500,500
2,0,2567,3.0,0.8000582482696359,2.0655764254037727,-3.2767494842069267,4.8768659807461985,8.153615464953125,500,500
2,0,2567,3.5,0.7594645273335514,2.040168199252509,-3.3020502434938503,4.820979298160953,8.123029541654804,500,500
2,1,2068,1.0,-0.1661855364983064,1.942492216466219,-3.933528405758161,3.6011573327615487,7.53468573851971,500,500
2,1,2068,1.5,0.0389924327383518,1.7916742597603534,-3.4926346206397256,3.570619486116429,7.063254106756155,500,500
2,1,2068,2.0,-0.7232604160607725,1.807909003034483,-4.370657284200165,2.9241364520786206,7.294793736278786,500,500
2,1,2068,3.0,-0.4885302902785702,1.835833364503372,-4.0368831215946726,3.059822541037532,7.096705662632205,500,500
2,1,2068,3.5,0.0063155306321317,1.8768355504073388,-3.600177719045521,3.6128087803097846,7.2129864993553054,500,500
2,2,3418,1.0,-1.3789179261521762,1.146946792371523,-3.6926848795768943,0.9348490272725424,4.627533906849437,500,500
2,2,3418,1.5,-1.7397149219958763,1.1299859218738733,-4.050718803107683,0.5712889591159303,4.622007762223614,500,500
2,2,3418,2.0,-1.4408930780186675,1.0685190118853454,-3.507025026931053,0.6252388708937175,4.13226389782477,500,500
2,2,3418,3.0,-1.054050595399595,1.0304154344982042,-3.191631095711957,1.0835299049127678,4.275161000624725,500,500
2,2,3418,3.5,-1.228962304784064,1.011786758996089,-3.2318747042435167,0.773950094675389,4.005824798918906,500,500
