educ,nchild,n,estimate,bootstrap_se,ci_low,ci_high,ci_length,n_boot_requested,n_boot_valid
0,0,4097,-0.6040543714308129,0.7876115911024776,-2.2856563583753298,1.0775476155137038,3.363203973889034,500,500
0,1,1459,1.1996914161901966,1.1750388291032647,-1.1355347916180767,3.53491762399847,4.670452415616547,500,500
0,2,1866,0.0450557672472474,0.7469146835859644,-1.3491940022178226,1.4393055367123173,2.78849953893014,500,500
1,0,4207,0.1806319941627476,0.9239909525476174,-1.555368606275805,1.9166325946013003,3.4720012008771053,500,500
1,1,1678,0.3564296900984779,1.3261863425525047,-2.342749006700688,3.0556083868976436,5.3983573935983316,500,500
1,2,2055,0.0883063768826568,0.886671397871169,-1.6448820243632238,1.8214947781285376,3.4663768024917614,500,500
2,0,2567,0.7226896430044993,2.099428509737086,-3.4102729023252714,4.85565218833427,8.265925090659541,500,500
2,1,2068,-0.8503175723285589,1.7927693497245898,-4.494613879568768,2.7939787349116503,7.288592614480418,500,500
2,2,3418,-1.014998814463073,1.042227779998279,-3.113538690209716,1.0835410612835703,4.197079751493287,500,500
