n,lambda_nonlinearity,method,method_label,bias,sd,mc_replications
2000,0.0,conventional_sc,Conventional SC,0.0056080758697516,0.0474727313638905,500
2000,0.0,didsc,Proposed DiD-SC,0.0030269192725543,0.0392614297150544,500
2000,0.0,synthetic_did,Synthetic DiD,0.0065362403077573,0.044440733828429,500
2000,0.5,conventional_sc,Conventional SC,0.010687279973446,0.0543884451784642,500
2000,0.5,didsc,Proposed DiD-SC,0.0024995644837347,0.0395931339931476,500
2000,0.5,synthetic_did,Synthetic DiD,0.0120687656260168,0.0567531745933103,500
2000,1.0,conventional_sc,Conventional SC,0.0166818428511977,0.0636045407870408,500
2000,1.0,didsc,Proposed DiD-SC,0.0019540003691289,0.0403999119741512,500
2000,1.0,synthetic_did,Synthetic DiD,0.0183268206000245,0.0685437719556266,500
2000,1.5,conventional_sc,Conventional SC,0.0246650108108634,0.074177780754138,500
2000,1.5,didsc,Proposed DiD-SC,0.0014084820900241,0.0415496020182445,500
2000,1.5,synthetic_did,Synthetic DiD,0.0241184832410333,0.0806254631014836,500
4000,0.0,conventional_sc,Conventional SC,0.0051304472449127,0.0358489821832155,500
4000,0.0,didsc,Proposed DiD-SC,-0.0012062730400138,0.0277475330822945,500
4000,0.0,synthetic_did,Synthetic DiD,0.0071311986956953,0.0334105249670996,500
4000,0.5,conventional_sc,Conventional SC,0.0095882347148312,0.0404599405443458,500
4000,0.5,didsc,Proposed DiD-SC,-0.0012695713255709,0.0278575149376322,500
4000,0.5,synthetic_did,Synthetic DiD,0.0125899047074415,0.0429491688272296,500
4000,1.0,conventional_sc,Conventional SC,0.0149641176191197,0.0467184933621598,500
4000,1.0,didsc,Proposed DiD-SC,-0.001332049866424,0.0281245949001065,500
4000,1.0,synthetic_did,Synthetic DiD,0.0183213471805591,0.0506221362568658,500
4000,1.5,conventional_sc,Conventional SC,0.0222994229662598,0.0540396292705957,500
4000,1.5,didsc,Proposed DiD-SC,-0.0014134362546417,0.028571425877577,500
4000,1.5,synthetic_did,Synthetic DiD,0.0235479807201836,0.0587249948723272,500
