educ,nchild,sample_size,point_seconds,bootstrap_seconds,requested_bootstrap_draws,valid_bootstrap_draws,worker_processes,total_wall_seconds
0.0,0.0,4097.0,0.4149611250031739,33.19843762507662,500,500,8,224.1518959170207
0.0,1.0,1459.0,0.1339405830949545,12.701168542029336,500,500,8,224.1518959170207
0.0,2.0,1866.0,0.2012836248613894,18.996164166834205,500,500,8,224.1518959170207
1.0,0.0,4207.0,0.2152953329496085,19.158125957939777,500,500,8,224.1518959170207
1.0,1.0,1678.0,0.1339341250713914,14.292692458955573,500,500,8,224.1518959170207
1.0,2.0,2055.0,0.2375898750033229,25.36877320799977,500,500,8,224.1518959170207
2.0,0.0,2567.0,0.1985604590736329,24.24402254098095,500,500,8,224.1518959170207
2.0,1.0,2068.0,0.2494977090973407,26.12647733394988,500,500,8,224.1518959170207
2.0,2.0,3418.0,0.4525547919329256,47.66005166620016,500,500,8,224.1518959170207
