educ,nchild,method,estimate,se,ci_low,ci_high,ci_length,inference,draws
0,0,distributional_sc,-0.2692665199915382,0.2587049181291267,-0.7914013491531862,0.2528683091701098,1.044269658323296,symmetric_stratified_household_bootstrap,1000
0,0,drdid_repeated_cross_section,-0.8248165591793811,0.4471719536653497,-1.70125748325988,0.0516243649011177,1.7528818481609978,centered_overlap_trimmed_plugin_analytic_influence,0
0,0,proposed_didsc,-0.6040543714308129,0.7868704613855722,-2.2699293296422853,1.0618205867806596,3.331749916422945,symmetric_multiplier_bootstrap,500
0,1,distributional_sc,0.5887122726515274,0.4892218176633477,-0.3702898322252569,1.5477143775283118,1.9180042097535688,symmetric_stratified_household_bootstrap,1000
0,1,drdid_repeated_cross_section,0.8596836456104873,0.5335879731003699,-0.1861295642499645,1.905496855470939,2.0916264197209036,centered_overlap_trimmed_plugin_analytic_influence,0
0,1,proposed_didsc,1.1996914161901966,1.1736607490465576,-1.1284316333737014,3.527814465754094,4.656246099127795,symmetric_multiplier_bootstrap,500
0,2,distributional_sc,0.3569355671490763,0.2864457136177732,-0.2089466877426539,0.9228178220408064,1.1317645097834603,symmetric_stratified_household_bootstrap,1000
0,2,drdid_repeated_cross_section,0.2921411223333098,0.3341958455036147,-0.362870698636687,0.9471529433033066,1.3100236419399935,centered_overlap_trimmed_plugin_analytic_influence,0
0,2,proposed_didsc,0.0450557672472474,0.746152357160775,-1.394069937703192,1.4841814721976867,2.8782514099008787,symmetric_multiplier_bootstrap,500
1,0,distributional_sc,-0.6216076404509912,0.387926730613007,-1.3649108545689912,0.121695573667009,1.486606428236,symmetric_stratified_household_bootstrap,1000
1,0,drdid_repeated_cross_section,-0.4996564864912946,0.4570492191399676,-1.3954564951677857,0.3961435221851963,1.7916000173529818,centered_overlap_trimmed_plugin_analytic_influence,0
1,0,proposed_didsc,0.1806319941627476,0.9239117329784148,-1.5704151297385622,1.9316791180640576,3.50209424780262,symmetric_multiplier_bootstrap,500
1,1,distributional_sc,-0.2329960989485734,0.4459706827909354,-1.085779629233954,0.6197874313368072,1.7055670605707614,symmetric_stratified_household_bootstrap,1000
1,1,drdid_repeated_cross_section,0.7484650627864134,0.4876199726134667,-0.2072525216783883,1.7041826472512152,1.9114351689296036,centered_overlap_trimmed_plugin_analytic_influence,0
1,1,proposed_didsc,0.3564296900984779,1.3247186454349609,-2.3462714111609557,3.0591307913579113,5.405402202518867,symmetric_multiplier_bootstrap,500
1,2,distributional_sc,-0.1726254634698513,0.2376136928422638,-0.6308552953787183,0.2856043684390157,0.916459663817734,symmetric_stratified_household_bootstrap,1000
1,2,drdid_repeated_cross_section,-0.2714890027399248,0.305456469548781,-0.8701726819002911,0.3271946764204414,1.1973673583207325,centered_overlap_trimmed_plugin_analytic_influence,0
1,2,proposed_didsc,0.0883063768826568,0.8843496774797487,-1.6574458510918637,1.8340586048571776,3.491504455949041,symmetric_multiplier_bootstrap,500
2,0,distributional_sc,-1.3166517991796531,0.6630379470699586,-2.7044097601147534,0.0711061617554469,2.7755159218702,symmetric_stratified_household_bootstrap,1000
2,0,drdid_repeated_cross_section,-0.6249535439168434,0.8099892940287083,-2.2125033880761356,0.9625963002424488,3.175099688318584,centered_overlap_trimmed_plugin_analytic_influence,0
2,0,proposed_didsc,0.7226896430044993,2.1126966634443805,-3.4682940225601167,4.913673308569115,8.381967331129232,symmetric_multiplier_bootstrap,500
2,1,distributional_sc,-0.1932514171636018,0.6061295392551581,-1.3302683775654218,0.9437655432382184,2.27403392080364,symmetric_stratified_household_bootstrap,1000
2,1,drdid_repeated_cross_section,0.3029838801360428,0.6668949995939666,-1.004106300537985,1.6100740608100708,2.614180361348056,centered_overlap_trimmed_plugin_analytic_influence,0
2,1,proposed_didsc,-0.8503175723285589,1.794131216697178,-4.498498817126896,2.7978636724697776,7.296362489596673,symmetric_multiplier_bootstrap,500
2,2,distributional_sc,-0.3867887467633338,0.4110070912668658,-1.2207695392973927,0.447192045770725,1.6679615850681178,symmetric_stratified_household_bootstrap,1000
2,2,drdid_repeated_cross_section,-0.4541963685270472,0.513237594859508,-1.4601235699636423,0.5517308329095477,2.01185440287319,centered_overlap_trimmed_plugin_analytic_influence,0
2,2,proposed_didsc,-1.014998814463073,1.0442264717886456,-3.164540868395303,1.134543239469157,4.29908410786446,symmetric_multiplier_bootstrap,500
